{
  "open_app": 0.060000000000000005,
  "send_message": 0.060000000000000005,
  "system_control": -0.01
}